Ticker,Final Value,Total Return,Sharpe Ratio,Max Drawdown,Trades,Buy&Hold Return
BHARTIARTL.NS,2.840948626963286,1.8409486269632862,0.7341629367832321,-0.3334532667374247,0,1.8409486269632849
SBIN.NS,2.7773898308240925,1.7773898308240925,0.698511016638715,-0.5949247979236443,1,1.4986165434001961
MARUTI.NS,1.0,0.0,0.0,0.0,0,0.24624729799135237
AXISBANK.NS,1.0,0.0,0.0,0.0,0,1.0469466548489397
TCS.NS,0.8764208729310949,-0.12357912706890506,-0.11154618912084377,-0.2873990446467407,1,1.8782117867647008
HDFCBANK.NS,0.9265035205031957,-0.07349647949680427,-0.1531601642614678,-0.14672917467193425,1,0.898293218806937
TITAN.NS,0.6389690108089905,-0.3610309891910095,-0.2293523965253005,-0.6872014225692207,2,3.6729698872167136
HINDUNILVR.NS,0.5947841002050271,-0.40521589979497286,-0.2749583571935399,-0.5938500407186735,2,1.1761872159741578
KOTAKBANK.NS,0.43955703029800797,-0.560442969701992,-0.3632454729503599,-0.661758765630547,1,0.8119451121594954
WIPRO.NS,0.4124433454049976,-0.5875566545950024,-0.44058217230200664,-0.8178022107607803,2,1.1902253685571127
ITC.NS,0.39139180974445437,-0.6086081902555456,-0.5359530632418155,-0.802335881764294,1,1.170948646113962
ICICIBANK.NS,0.3186303668836878,-0.6813696331163122,-0.5656108069665964,-0.8151274396192272,1,2.192527806561405
INFY.NS,0.46756667401944274,-0.5324333259805573,-0.6224644819137535,-0.573249877084014,1,2.1429089673157757
RELIANCE.NS,0.26207529570534416,-0.7379247042946558,-0.6518799572814734,-0.777553690005289,1,2.133155705098332
NESTLEIND.NS,0.801805096346104,-0.19819490365389603,-0.689623377465339,-0.21332168366714488,1,2.833165424570066
BAJFINANCE.NS,0.1415394075682077,-0.8584605924317923,-0.703810818571962,-0.8915595352885424,1,3.503789314741314
HCLTECH.NS,0.4241389759301497,-0.5758610240698503,-0.724619783850055,-0.6005416933315235,1,2.6977771059749847
SUNPHARMA.NS,0.5529585991159277,-0.4470414008840723,-0.7433915915376331,-0.47175735856467993,1,1.3633118082928775
ULTRACEMCO.NS,0.3991488321370989,-0.6008511678629012,-0.8179696863036195,-0.6098445270442122,1,1.6122031241840085
LT.NS,0.2666947097803993,-0.7333052902196007,-1.2643523933550058,-0.7346442520862785,1,2.00899129969254
